Local Authority Code,Local Authority Name,Region Code,Region Name,ObjectId
E06000047,County Durham,E12000001,North East,1
E06000005,Darlington,E12000001,North East,2
E08000037,Gateshead,E12000001,North East,3
E06000001,Hartlepool,E12000001,North East,4
E06000002,Middlesbrough,E12000001,North East,5
E08000021,Newcastle upon Tyne,E12000001,North East,6
E12000001,North East,E12000001,North East,7
E08000022,North Tyneside,E12000001,North East,8
E06000057,Northumberland,E12000001,North East,9
E06000003,Redcar and Cleveland,E12000001,North East,10
E08000023,South Tyneside,E12000001,North East,11
E06000004,Stockton-on-Tees,E12000001,North East,12
E08000024,Sunderland,E12000001,North East,13
E11000007,Tyne and Wear,E12000001,North East,14
E07000026,Allerdale,E12000002,North West,15
E07000027,Barrow-in-Furness,E12000002,North West,16
E06000008,Blackburn with Darwen,E12000002,North West,17
E06000009,Blackpool,E12000002,North West,18
E08000001,Bolton,E12000002,North West,19
E07000117,Burnley,E12000002,North West,20
E08000002,Bury,E12000002,North West,21
E07000028,Carlisle,E12000002,North West,22
E06000049,Cheshire East,E12000002,North West,23
E06000050,Cheshire West and Chester,E12000002,North West,24
E07000118,Chorley,E12000002,North West,25
E07000029,Copeland,E12000002,North West,26
E06000063,Cumberland,E12000002,North West,27
E10000006,Cumbria,E12000002,North West,28
E07000030,Eden,E12000002,North West,29
E07000119,Fylde,E12000002,North West,30
E11000001,Greater Manchester,E12000002,North West,31
E06000006,Halton,E12000002,North West,32
E07000120,Hyndburn,E12000002,North West,33
E08000011,Knowsley,E12000002,North West,34
E10000017,Lancashire,E12000002,North West,35
E07000121,Lancaster,E12000002,North West,36
E08000012,Liverpool,E12000002,North West,37
E08000003,Manchester,E12000002,North West,38
E11000002,Merseyside,E12000002,North West,39
E12000002,North West,E12000002,North West,40
E08000004,Oldham,E12000002,North West,41
E07000122,Pendle,E12000002,North West,42
E07000123,Preston,E12000002,North West,43
E07000124,Ribble Valley,E12000002,North West,44
E08000005,Rochdale,E12000002,North West,45
E07000125,Rossendale,E12000002,North West,46
E08000006,Salford,E12000002,North West,47
E08000014,Sefton,E12000002,North West,48
E07000031,South Lakeland,E12000002,North West,49
E07000126,South Ribble,E12000002,North West,50
E08000013,St. Helens,E12000002,North West,51
E08000007,Stockport,E12000002,North West,52
E08000008,Tameside,E12000002,North West,53
E08000009,Trafford,E12000002,North West,54
E06000007,Warrington,E12000002,North West,55
E07000127,West Lancashire,E12000002,North West,56
E06000064,Westmorland and Furness,E12000002,North West,57
E08000010,Wigan,E12000002,North West,58
E08000015,Wirral,E12000002,North West,59
E07000128,Wyre,E12000002,North West,60
E08000016,Barnsley,E12000003,Yorkshire and The Humber,61
E08000032,Bradford,E12000003,Yorkshire and The Humber,62
E08000033,Calderdale,E12000003,Yorkshire and The Humber,63
E07000163,Craven,E12000003,Yorkshire and The Humber,64
E08000017,Doncaster,E12000003,Yorkshire and The Humber,65
E06000011,East Riding of Yorkshire,E12000003,Yorkshire and The Humber,66
E07000164,Hambleton,E12000003,Yorkshire and The Humber,67
E07000165,Harrogate,E12000003,Yorkshire and The Humber,68
E06000010,"Kingston upon Hull, City of",E12000003,Yorkshire and The Humber,69
E08000034,Kirklees,E12000003,Yorkshire and The Humber,70
E08000035,Leeds,E12000003,Yorkshire and The Humber,71
E06000012,North East Lincolnshire,E12000003,Yorkshire and The Humber,72
E06000013,North Lincolnshire,E12000003,Yorkshire and The Humber,73
E06000065,North Yorkshire,E12000003,Yorkshire and The Humber,74
E10000023,North Yorkshire,E12000003,Yorkshire and The Humber,75
E07000166,Richmondshire,E12000003,Yorkshire and The Humber,76
E08000018,Rotherham,E12000003,Yorkshire and The Humber,77
E07000167,Ryedale,E12000003,Yorkshire and The Humber,78
E07000168,Scarborough,E12000003,Yorkshire and The Humber,79
E07000169,Selby,E12000003,Yorkshire and The Humber,80
E08000019,Sheffield,E12000003,Yorkshire and The Humber,81
E11000003,South Yorkshire,E12000003,Yorkshire and The Humber,82
E08000036,Wakefield,E12000003,Yorkshire and The Humber,83
E11000006,West Yorkshire,E12000003,Yorkshire and The Humber,84
E06000014,York,E12000003,Yorkshire and The Humber,85
E12000003,Yorkshire and The Humber,E12000003,Yorkshire and The Humber,86
E07000032,Amber Valley,E12000004,East Midlands,87
E07000170,Ashfield,E12000004,East Midlands,88
E07000171,Bassetlaw,E12000004,East Midlands,89
E07000129,Blaby,E12000004,East Midlands,90
E07000033,Bolsover,E12000004,East Midlands,91
E07000136,Boston,E12000004,East Midlands,92
E07000172,Broxtowe,E12000004,East Midlands,93
E07000130,Charnwood,E12000004,East Midlands,94
E07000034,Chesterfield,E12000004,East Midlands,95
E06000015,Derby,E12000004,East Midlands,96
E10000007,Derbyshire,E12000004,East Midlands,97
E07000035,Derbyshire Dales,E12000004,East Midlands,98
E07000137,East Lindsey,E12000004,East Midlands,99
E12000004,East Midlands,E12000004,East Midlands,100
E07000036,Erewash,E12000004,East Midlands,101
E07000173,Gedling,E12000004,East Midlands,102
E07000131,Harborough,E12000004,East Midlands,103
E07000037,High Peak,E12000004,East Midlands,104
E07000132,Hinckley and Bosworth,E12000004,East Midlands,105
E06000016,Leicester,E12000004,East Midlands,106
E10000018,Leicestershire,E12000004,East Midlands,107
E07000138,Lincoln,E12000004,East Midlands,108
E10000019,Lincolnshire,E12000004,East Midlands,109
E07000174,Mansfield,E12000004,East Midlands,110
E07000133,Melton,E12000004,East Midlands,111
E07000175,Newark and Sherwood,E12000004,East Midlands,112
E07000038,North East Derbyshire,E12000004,East Midlands,113
E07000139,North Kesteven,E12000004,East Midlands,114
E06000061,North Northamptonshire,E12000004,East Midlands,115
E07000134,North West Leicestershire,E12000004,East Midlands,116
E06000018,Nottingham,E12000004,East Midlands,117
E10000024,Nottinghamshire,E12000004,East Midlands,118
E07000135,Oadby and Wigston,E12000004,East Midlands,119
E07000176,Rushcliffe,E12000004,East Midlands,120
E06000017,Rutland,E12000004,East Midlands,121
E07000039,South Derbyshire,E12000004,East Midlands,122
E07000140,South Holland,E12000004,East Midlands,123
E07000141,South Kesteven,E12000004,East Midlands,124
E07000142,West Lindsey,E12000004,East Midlands,125
E06000062,West Northamptonshire,E12000004,East Midlands,126
E08000025,Birmingham,E12000005,West Midlands,127
E07000234,Bromsgrove,E12000005,West Midlands,128
E07000192,Cannock Chase,E12000005,West Midlands,129
E08000026,Coventry,E12000005,West Midlands,130
E08000027,Dudley,E12000005,West Midlands,131
E07000193,East Staffordshire,E12000005,West Midlands,132
E06000019,"Herefordshire, County of",E12000005,West Midlands,133
E07000194,Lichfield,E12000005,West Midlands,134
E07000235,Malvern Hills,E12000005,West Midlands,135
E07000195,Newcastle-under-Lyme,E12000005,West Midlands,136
E07000218,North Warwickshire,E12000005,West Midlands,137
E07000219,Nuneaton and Bedworth,E12000005,West Midlands,138
E07000236,Redditch,E12000005,West Midlands,139
E07000220,Rugby,E12000005,West Midlands,140
E08000028,Sandwell,E12000005,West Midlands,141
E06000051,Shropshire,E12000005,West Midlands,142
E08000029,Solihull,E12000005,West Midlands,143
E07000196,South Staffordshire,E12000005,West Midlands,144
E07000197,Stafford,E12000005,West Midlands,145
E10000028,Staffordshire,E12000005,West Midlands,146
E07000198,Staffordshire Moorlands,E12000005,West Midlands,147
E06000021,Stoke-on-Trent,E12000005,West Midlands,148
E07000221,Stratford-on-Avon,E12000005,West Midlands,149
E07000199,Tamworth,E12000005,West Midlands,150
E06000020,Telford and Wrekin,E12000005,West Midlands,151
E08000030,Walsall,E12000005,West Midlands,152
E07000222,Warwick,E12000005,West Midlands,153
E10000031,Warwickshire,E12000005,West Midlands,154
E12000005,West Midlands,E12000005,West Midlands,155
E08000031,Wolverhampton,E12000005,West Midlands,156
E07000237,Worcester,E12000005,West Midlands,157
E10000034,Worcestershire,E12000005,West Midlands,158
E07000238,Wychavon,E12000005,West Midlands,159
E07000239,Wyre Forest,E12000005,West Midlands,160
E07000200,Babergh,E12000006,East of England,161
E07000066,Basildon,E12000006,East of England,162
E06000055,Bedford,E12000006,East of England,163
E07000067,Braintree,E12000006,East of England,164
E07000143,Breckland,E12000006,East of England,165
E07000068,Brentwood,E12000006,East of England,166
E07000144,Broadland,E12000006,East of England,167
E07000095,Broxbourne,E12000006,East of England,168
E07000008,Cambridge,E12000006,East of England,169
E10000003,Cambridgeshire,E12000006,East of England,170
E07000069,Castle Point,E12000006,East of England,171
E06000056,Central Bedfordshire,E12000006,East of England,172
E07000070,Chelmsford,E12000006,East of England,173
E07000071,Colchester,E12000006,East of England,174
E07000096,Dacorum,E12000006,East of England,175
E07000009,East Cambridgeshire,E12000006,East of England,176
E07000242,East Hertfordshire,E12000006,East of England,177
E07000244,East Suffolk,E12000006,East of England,178
E12000006,East of England,E12000006,East of England,179
E07000072,Epping Forest,E12000006,East of England,180
E10000012,Essex,E12000006,East of England,181
E07000010,Fenland,E12000006,East of England,182
E07000145,Great Yarmouth,E12000006,East of England,183
E07000073,Harlow,E12000006,East of England,184
E10000015,Hertfordshire,E12000006,East of England,185
E07000098,Hertsmere,E12000006,East of England,186
E07000011,Huntingdonshire,E12000006,East of England,187
E07000202,Ipswich,E12000006,East of England,188
E07000146,King's Lynn and West Norfolk,E12000006,East of England,189
E06000032,Luton,E12000006,East of England,190
E07000074,Maldon,E12000006,East of England,191
E07000203,Mid Suffolk,E12000006,East of England,192
E10000020,Norfolk,E12000006,East of England,193
E07000099,North Hertfordshire,E12000006,East of England,194
E07000147,North Norfolk,E12000006,East of England,195
E07000148,Norwich,E12000006,East of England,196
E06000031,Peterborough,E12000006,East of England,197
E07000075,Rochford,E12000006,East of England,198
E07000012,South Cambridgeshire,E12000006,East of England,199
E07000149,South Norfolk,E12000006,East of England,200
E06000033,Southend-on-Sea,E12000006,East of England,201
E07000240,St Albans,E12000006,East of England,202
E07000243,Stevenage,E12000006,East of England,203
E10000029,Suffolk,E12000006,East of England,204
E07000076,Tendring,E12000006,East of England,205
E07000102,Three Rivers,E12000006,East of England,206
E06000034,Thurrock,E12000006,East of England,207
E07000077,Uttlesford,E12000006,East of England,208
E07000103,Watford,E12000006,East of England,209
E07000241,Welwyn Hatfield,E12000006,East of England,210
E07000245,West Suffolk,E12000006,East of England,211
E09000002,Barking and Dagenham,E12000007,London,212
E09000003,Barnet,E12000007,London,213
E09000004,Bexley,E12000007,London,214
E09000005,Brent,E12000007,London,215
E09000006,Bromley,E12000007,London,216
E09000007,Camden,E12000007,London,217
E09000001,City of London,E12000007,London,218
E09000008,Croydon,E12000007,London,219
E09000009,Ealing,E12000007,London,220
E09000010,Enfield,E12000007,London,221
E09000011,Greenwich,E12000007,London,222
E09000012,Hackney,E12000007,London,223
E09000013,Hammersmith and Fulham,E12000007,London,224
E09000014,Haringey,E12000007,London,225
E09000015,Harrow,E12000007,London,226
E09000016,Havering,E12000007,London,227
E09000017,Hillingdon,E12000007,London,228
E09000018,Hounslow,E12000007,London,229
E13000001,Inner London,E12000007,London,230
E09000019,Islington,E12000007,London,231
E09000020,Kensington and Chelsea,E12000007,London,232
E09000021,Kingston upon Thames,E12000007,London,233
E09000022,Lambeth,E12000007,London,234
E09000023,Lewisham,E12000007,London,235
E12000007,London,E12000007,London,236
E09000024,Merton,E12000007,London,237
E09000025,Newham,E12000007,London,238
E13000002,Outer London,E12000007,London,239
E09000026,Redbridge,E12000007,London,240
E09000027,Richmond upon Thames,E12000007,London,241
E09000028,Southwark,E12000007,London,242
E09000029,Sutton,E12000007,London,243
E09000030,Tower Hamlets,E12000007,London,244
E09000031,Waltham Forest,E12000007,London,245
E09000032,Wandsworth,E12000007,London,246
E09000033,Westminster,E12000007,London,247
E07000223,Adur,E12000008,South East,248
E07000224,Arun,E12000008,South East,249
E07000105,Ashford,E12000008,South East,250
E07000084,Basingstoke and Deane,E12000008,South East,251
E06000036,Bracknell Forest,E12000008,South East,252
E06000043,Brighton and Hove,E12000008,South East,253
E06000060,Buckinghamshire,E12000008,South East,254
E07000106,Canterbury,E12000008,South East,255
E07000177,Cherwell,E12000008,South East,256
E07000225,Chichester,E12000008,South East,257
E07000226,Crawley,E12000008,South East,258
E07000107,Dartford,E12000008,South East,259
E07000108,Dover,E12000008,South East,260
E07000085,East Hampshire,E12000008,South East,261
E10000011,East Sussex,E12000008,South East,262
E07000061,Eastbourne,E12000008,South East,263
E07000086,Eastleigh,E12000008,South East,264
E07000207,Elmbridge,E12000008,South East,265
E07000208,Epsom and Ewell,E12000008,South East,266
E07000087,Fareham,E12000008,South East,267
E07000112,Folkestone and Hythe,E12000008,South East,268
E07000088,Gosport,E12000008,South East,269
E07000109,Gravesham,E12000008,South East,270
E07000209,Guildford,E12000008,South East,271
E10000014,Hampshire,E12000008,South East,272
E07000089,Hart,E12000008,South East,273
E07000062,Hastings,E12000008,South East,274
E07000090,Havant,E12000008,South East,275
E07000227,Horsham,E12000008,South East,276
E06000046,Isle of Wight,E12000008,South East,277
E10000016,Kent,E12000008,South East,278
E07000063,Lewes,E12000008,South East,279
E07000110,Maidstone,E12000008,South East,280
E06000035,Medway,E12000008,South East,281
E07000228,Mid Sussex,E12000008,South East,282
E06000042,Milton Keynes,E12000008,South East,283
E07000210,Mole Valley,E12000008,South East,284
E07000091,New Forest,E12000008,South East,285
E07000178,Oxford,E12000008,South East,286
E10000025,Oxfordshire,E12000008,South East,287
E06000044,Portsmouth,E12000008,South East,288
E06000038,Reading,E12000008,South East,289
E07000211,Reigate and Banstead,E12000008,South East,290
E07000064,Rother,E12000008,South East,291
E07000212,Runnymede,E12000008,South East,292
E07000092,Rushmoor,E12000008,South East,293
E07000111,Sevenoaks,E12000008,South East,294
E06000039,Slough,E12000008,South East,295
E12000008,South East,E12000008,South East,296
E07000179,South Oxfordshire,E12000008,South East,297
E06000045,Southampton,E12000008,South East,298
E07000213,Spelthorne,E12000008,South East,299
E10000030,Surrey,E12000008,South East,300
E07000214,Surrey Heath,E12000008,South East,301
E07000113,Swale,E12000008,South East,302
E07000215,Tandridge,E12000008,South East,303
E07000093,Test Valley,E12000008,South East,304
E07000114,Thanet,E12000008,South East,305
E07000115,Tonbridge and Malling,E12000008,South East,306
E07000116,Tunbridge Wells,E12000008,South East,307
E07000180,Vale of White Horse,E12000008,South East,308
E07000216,Waverley,E12000008,South East,309
E07000065,Wealden,E12000008,South East,310
E06000037,West Berkshire,E12000008,South East,311
E07000181,West Oxfordshire,E12000008,South East,312
E10000032,West Sussex,E12000008,South East,313
E07000094,Winchester,E12000008,South East,314
E06000040,Windsor and Maidenhead,E12000008,South East,315
E07000217,Woking,E12000008,South East,316
E06000041,Wokingham,E12000008,South East,317
E07000229,Worthing,E12000008,South East,318
E06000022,Bath and North East Somerset,E12000009,South West,319
E06000058,"Bournemouth, Christchurch and Poole",E12000009,South West,320
E06000023,"Bristol, City of",E12000009,South West,321
E07000078,Cheltenham,E12000009,South West,322
E06000052,Cornwall,E12000009,South West,323
E07000079,Cotswold,E12000009,South West,324
E10000008,Devon,E12000009,South West,325
E06000059,Dorset,E12000009,South West,326
E07000040,East Devon,E12000009,South West,327
E07000041,Exeter,E12000009,South West,328
E07000080,Forest of Dean,E12000009,South West,329
E07000081,Gloucester,E12000009,South West,330
E10000013,Gloucestershire,E12000009,South West,331
E06000053,Isles of Scilly,E12000009,South West,332
E07000187,Mendip,E12000009,South West,333
E07000042,Mid Devon,E12000009,South West,334
E07000043,North Devon,E12000009,South West,335
E06000024,North Somerset,E12000009,South West,336
E06000026,Plymouth,E12000009,South West,337
E07000188,Sedgemoor,E12000009,South West,338
E06000066,Somerset,E12000009,South West,339
E10000027,Somerset,E12000009,South West,340
E07000246,Somerset West and Taunton,E12000009,South West,341
E06000025,South Gloucestershire,E12000009,South West,342
E07000044,South Hams,E12000009,South West,343
E07000189,South Somerset,E12000009,South West,344
E12000009,South West,E12000009,South West,345
E07000082,Stroud,E12000009,South West,346
E06000030,Swindon,E12000009,South West,347
E07000045,Teignbridge,E12000009,South West,348
E07000083,Tewkesbury,E12000009,South West,349
E06000027,Torbay,E12000009,South West,350
E07000046,Torridge,E12000009,South West,351
E07000047,West Devon,E12000009,South West,352
E06000054,Wiltshire,E12000009,South West,353
N09000001,Antrim and Newtownabbey,N92000002,Northern Ireland,355
N09000011,Ards and North Down,N92000002,Northern Ireland,356
N09000002,"Armagh City, Banbridge and Craigavon",N92000002,Northern Ireland,357
N09000003,Belfast,N92000002,Northern Ireland,358
N09000004,Causeway Coast and Glens,N92000002,Northern Ireland,359
N09000005,Derry City and Strabane,N92000002,Northern Ireland,360
N09000006,Fermanagh and Omagh,N92000002,Northern Ireland,361
N09000007,Lisburn and Castlereagh,N92000002,Northern Ireland,362
N09000009,Mid Ulster,N92000002,Northern Ireland,363
N09000008,Mid and East Antrim,N92000002,Northern Ireland,364
N09000010,"Newry, Mourne and Down",N92000002,Northern Ireland,365
N92000002,Northern Ireland,N92000002,Northern Ireland,366
S12000033,Aberdeen City,S92000003,Scotland,367
S12000034,Aberdeenshire,S92000003,Scotland,368
S12000041,Angus,S92000003,Scotland,369
S12000035,Argyll and Bute,S92000003,Scotland,370
S12000036,City of Edinburgh,S92000003,Scotland,371
S12000005,Clackmannanshire,S92000003,Scotland,372
S12000006,Dumfries and Galloway,S92000003,Scotland,373
S12000042,Dundee City,S92000003,Scotland,374
S12000008,East Ayrshire,S92000003,Scotland,375
S12000045,East Dunbartonshire,S92000003,Scotland,376
S12000010,East Lothian,S92000003,Scotland,377
S12000011,East Renfrewshire,S92000003,Scotland,378
S12000014,Falkirk,S92000003,Scotland,379
S12000047,Fife,S92000003,Scotland,380
S12000049,Glasgow City,S92000003,Scotland,381
S12000017,Highland,S92000003,Scotland,382
S12000018,Inverclyde,S92000003,Scotland,383
S12000019,Midlothian,S92000003,Scotland,384
S12000020,Moray,S92000003,Scotland,385
S12000013,Na h-Eileanan Siar,S92000003,Scotland,386
S12000021,North Ayrshire,S92000003,Scotland,387
S12000050,North Lanarkshire,S92000003,Scotland,388
S12000023,Orkney Islands,S92000003,Scotland,389
S12000048,Perth and Kinross,S92000003,Scotland,390
S12000038,Renfrewshire,S92000003,Scotland,391
S92000003,Scotland,S92000003,Scotland,392
S12000026,Scottish Borders,S92000003,Scotland,393
S12000027,Shetland Islands,S92000003,Scotland,394
S12000028,South Ayrshire,S92000003,Scotland,395
S12000029,South Lanarkshire,S92000003,Scotland,396
S12000030,Stirling,S92000003,Scotland,397
S12000039,West Dunbartonshire,S92000003,Scotland,398
S12000040,West Lothian,S92000003,Scotland,399
W06000019,Blaenau Gwent,W92000004,Wales,400
W06000013,Bridgend,W92000004,Wales,401
W06000018,Caerphilly,W92000004,Wales,402
W06000015,Cardiff,W92000004,Wales,403
W06000010,Carmarthenshire,W92000004,Wales,404
W06000008,Ceredigion,W92000004,Wales,405
W06000003,Conwy,W92000004,Wales,406
W06000004,Denbighshire,W92000004,Wales,407
W06000005,Flintshire,W92000004,Wales,408
W06000002,Gwynedd,W92000004,Wales,409
W06000001,Isle of Anglesey,W92000004,Wales,410
W06000024,Merthyr Tydfil,W92000004,Wales,411
W06000021,Monmouthshire,W92000004,Wales,412
W06000012,Neath Port Talbot,W92000004,Wales,413
W06000022,Newport,W92000004,Wales,414
W06000009,Pembrokeshire,W92000004,Wales,415
W06000023,Powys,W92000004,Wales,416
W06000016,Rhondda Cynon Taf,W92000004,Wales,417
W06000011,Swansea,W92000004,Wales,418
W06000020,Torfaen,W92000004,Wales,419
W06000014,Vale of Glamorgan,W92000004,Wales,420
W92000004,Wales,W92000004,Wales,421
W06000006,Wrexham,W92000004,Wales,422